{"cameraMode":{"drawMode":0,"name":"Shaded","section":"Shading Mode"},"sceneLighting":true,"audioPlay":false,"sceneViewState":{"m_AlwaysRefresh":false,"showFog":true,"showSkybox":true,"showFlares":true,"showImageEffects":true,"showParticleSystems":true,"showVisualEffectGraphs":true,"m_FxEnabled":true},"in2DMode":false,"pivot":{"x":336.4630126953125,"y":657.6090698242188,"z":-182.372802734375},"rotation":{"x":0.07335948944091797,"y":0.04486336186528206,"z":-0.0033034072257578375,"w":0.9962904453277588},"size":852.1915283203125,"orthographic":false}